{"avg_f1": 0.5963253345915458, "avg_p": 0.6319469644867143, "avg_r": 0.6793711806606237}