{"avg_f1": 0.594013810371061, "avg_p": 0.6837369236740373, "avg_r": 0.665674210707447}