{"avg_f1": 0.5932780997815172, "avg_p": 0.6499353207951076, "avg_r": 0.6986553205129107}