{"avg_f1": 0.6038196792255894, "avg_p": 0.646019222669636, "avg_r": 0.7074253832622951}