{"train_ce": 8.537508010864258, "_timestamp": 1700373288.9376652, "_runtime": 57.318363189697266, "_step": 1, "_wandb": {"runtime": 57}}