{"train_ce": 1.7848716974258423, "_timestamp": 1700391673.269855, "_runtime": 15888.357998132706, "_step": 2414, "_wandb": {"runtime": 15889}}