{"train_ce": 2.2858893871307373, "_timestamp": 1700374068.0075793, "_runtime": 323.10481429100037, "_step": 120}