{"train_ce": 1.3821256160736084, "_timestamp": 1700382297.2566528, "_runtime": 8552.353887796402, "_step": 2328, "_wandb": {"runtime": 8552}}