{"train_ce": 1.327273964881897, "_timestamp": 1700446828.216933, "_runtime": 53550.504580020905, "_step": 8465}