{"train_ce": 2.640895128250122, "_timestamp": 1700393481.0496337, "_runtime": 203.33728075027466, "_step": 27}