{"train_ce": 1.392438530921936, "_timestamp": 1700474268.72142, "_runtime": 80991.00906705856, "_step": 12176}